[
    {
        "_id": "656b1ef4307b90ccd94c1c02",
        "uid": "6b0c852e-7022-11ee-9234-0123456789ab",
        "createdAt": "2024-03-02T12:11:32.943Z",
        "status": "completed",
        "category": "requirment",
        "time": "6:00pm",
        "fare": "60",
        "requirement": "tractor",
        "acceptedAt": "2024-03-02T12:12:29.789Z",
        "acceptedBy": "4a43d4be-8940-11ee-9234-0123456789ab",
        "delivered": true,
        "deliveredAt": "2024-03-02T12:13:26.068Z",
        "rating": "4",
        "user": {
            "username": "Muskan",
            "email": "shagunmishra2001.vns@gmail.com"
        }
    },
    {
        "_id": "656b2d6adafc19587db76389",
        "uid": "a77ba3fe-86bc-11ee-9234-0123456789ab",
        "createdAt": "2024-03-02T13:13:14.444Z",
        "status": "completed",
        "category": "needs",
        "time": "6:00pm",
        "fare": "500",
        "requirement": "plows",
        "acceptedAt": "2024-03-02T18:48:29.073Z",
        "acceptedBy": "a77ba3fe-86bc-11ee-9234-0123456789ab",
        "delivered": true,
        "deliveredAt": "2024-03-02T19:07:50.318Z",
        "rating": "2",
        "user": {
            "username": "ramakrishna58",
            "email": "ramakrishnashr1802@gmail.com"
        }
    },
    {
        "_id": "656b2d71dafc19587db7638a",
        "uid": "a77ba3fe-86bc-11ee-9234-0123456789ab",
        "createdAt": "2024-03-02T13:13:21.569Z",
        "status": "approved",
        "category": "requirment",
        "time": "6:00pm",
        "fare": "500",
        "requirement": "plows",
        "acceptedAt": "2024-03-04T12:50:54.239Z",
        "acceptedBy": "4061474e-92a3-11ee-9234-0123456789ab",
        "user": {
            "username": "ramakrishna58",
            "email": "ramakrishnashr1802@gmail.com"
        }
    },
    {
        "_id": "656b33390c2bb4bf8b722a86",
        "uid": "fbac25fe-86c9-11ee-9234-0123456789ab",
        "createdAt": "2024-03-02T13:38:01.045Z",
        "status": "approved",
        "category": "needs",
        "time": "10:00pm",
        "fare": "98599",
        "requirement": "seeder",
        "acceptedAt": "2024-03-04T12:55:07.189Z",
        "acceptedBy": "d661da2e-92a3-11ee-9234-0123456789ab",
        "user": {
            "username": "d yuvaraj",
            "email": "dudukuruyuvaraj55@gmail.com"
        }
    },
    {
        "_id": "656b7bddfaf6a05b6e4fc72d",
        "uid": "a77ba3fe-86bc-11ee-9234-0123456789ab",
        "createdAt": "2024-03-02T18:47:57.852Z",
        "status": "approved",
        "category": "requirment",
        "time": "9:00pm",
        "fare": "200",
        "requirement": "seeder",
        "acceptedAt": "2024-03-04T13:06:23.358Z",
        "acceptedBy": "d661da2e-92a3-11ee-9234-0123456789ab",
        "user": {
            "username": "ramakrishna58",
            "email": "ramakrishnashr1802@gmail.com"
        }
    },
    {
        "_id": "656ba2dec6e1b5479e4b917f",
        "uid": "997c8dbe-873d-11ee-9234-0123456789ab",
        "createdAt": "2024-03-02T21:34:22.133Z",
        "status": "pending",
        "category": "requirment",
        "time": "7:00pm",
        "fare": "1999",
        "requirement": "sprayer",
        "user": {
            "username": "anand",
            "email": "anandudayprakash@gmail.com"
        }
    },
    {
        "_id": "656ba2e6c6e1b5479e4b9180",
        "uid": "997c8dbe-873d-11ee-9234-0123456789ab",
        "createdAt": "2024-03-02T21:34:30.636Z",
        "status": "approved",
        "category": "requirment",
        "time": "7:00pm",
        "fare": "1999",
        "requirement": "sprayer",
        "updatedAt": "2024-03-02T21:35:04.533Z",
        "user": {
            "username": "anand",
            "email": "anandudayprakash@gmail.com"
        }
    },
    {
        "_id": "656c6d9d5ab9adb929292927",
        "uid": "016db67e-8e9f-11ee-9234-0123456789ab",
        "createdAt": "2024-03-03T11:59:25.347Z",
        "status": "approved",
        "category": "workerneeded",
        "time": "4:00pm",
        "fare": "444",
        "requirement": "singleworker",
        "acceptedAt": "2024-03-04T12:50:59.852Z",
        "acceptedBy": "4061474e-92a3-11ee-9234-0123456789ab",
        "user": {
            "username": "poojitha_reddy_1116",
            "email": "pulakantipullareddy369@gmail.com"
        }
    },
    {
        "_id": "656d5900df642d1684833d65",
        "uid": "b75ecf6e-862e-11ee-9234-0123456789ab",
        "createdAt": "2024-03-04T04:43:44.720Z",
        "status": "pending",
        "category": "workerneeded",
        "time": "12:00pm",
        "fare": "-1",
        "requirement": "groupofworkers",
        "user": {
            "username": "utkarsh",
            "email": "hckfun9211@gmail.com"
        }
    },
    {
        "_id": "656dcb55e5da9dce60bcf444",
        "uid": "05aae9de-92a3-11ee-9234-0123456789ab",
        "createdAt": "2024-03-04T12:51:33.636Z",
        "status": "deliverd",
        "category": "delivery",
        "time": "11:00pm",
        "fare": "100",
        "requirement": "sprayer",
        "acceptedAt": "2024-03-04T12:55:10.136Z",
        "acceptedBy": "05aae9de-92a3-11ee-9234-0123456789ab",
        "user": {
            "username": "nani1113",
            "email": "angalimanojkumar@gmail.com"
        }
    },
    {
        "_id": "656dcba86912a32108c20fad",
        "uid": "aed72bee-92a3-11ee-9234-0123456789ab",
        "createdAt": "2024-03-04T12:52:56.182Z",
        "status": "supplied",
        "category": "requirment",
        "time": "11:00pm",
        "fare": "5222",
        "requirement": "tractor",
        "acceptedAt": "2024-03-04T12:53:25.218Z",
        "acceptedBy": "aed72bee-92a3-11ee-9234-0123456789ab",
        "delivered": true,
        "deliveredAt": "2024-03-04T13:40:15.947Z",
        "rating": "5",
        "user": {
            "username": "jagadish",
            "email": "vijayshekarcool@gmail.com"
        }
    },
    {
        "_id": "656dcc32c160e14d8308b7c6",
        "uid": "36513bee-87a7-11ee-9234-0123456789ab",
        "createdAt": "2024-03-04T12:55:14.743Z",
        "status": "approved",
        "category": "requesting",
        "time": "8:00pm",
        "fare": "22",
        "requirement": "singleworker",
        "acceptedAt": "2024-03-04T13:00:31.169Z",
        "acceptedBy": "619d50be-92a4-11ee-9234-0123456789ab",
        "user": {
            "username": "Bhavitha",
            "email": "madhavgoudgoud@gmail.com"
        }
    },
    {
        "_id": "656dcc5cddf3167b8b0d9c12",
        "uid": "51efa4be-92a4-11ee-9234-0123456789ab",
        "createdAt": "2024-03-04T12:55:56.781Z",
        "status": "approved",
        "category": "requirment",
        "time": "7:00pm",
        "fare": "359",
      "requirement": "mowers",
        "acceptedAt": "2024-03-04T13:07:46.152Z",
        "acceptedBy": "05aae9de-92a3-11ee-9234-0123456789ab",
        "user": {
            "username": "thanvi pujari",
            "email": "thanvipujari@gmail.com"
        }
    },
    {
        "_id": "656dcc64c3054a8678b8e4c6",
        "uid": "c683a6ee-862f-11ee-9234-0123456789ab",
        "createdAt": "2024-03-04T12:56:04.249Z",
        "status": "completed",
        "category": "delivery",
        "time": "6:00pm",
        "fare": "1000",
        "requirement": "cultivator",
        "acceptedAt": "2024-03-04T12:56:41.872Z",
        "acceptedBy": "c683a6ee-862f-11ee-9234-0123456789ab",
        "delivered": true,
        "deliveredAt": "2024-03-04T12:57:46.292Z",
        "rating": "5",
        "user": {
            "username": "_SURYA_",
            "email": "suryadatta666@gmail.com"
        }
    },
    {
        "_id": "656dcc78bd51f7f1b0d82056",
        "uid": "7287263e-92a4-11ee-9234-0123456789ab",
        "createdAt": "2024-03-04T12:56:24.254Z",
        "status": "approved",
        "category": "requirment",
        "time": "10:00pm",
        "fare": "120",
        "requirement": "horrow",
        "acceptedAt": "2024-03-04T13:01:31.862Z",
        "acceptedBy": "36513bee-87a7-11ee-9234-0123456789ab",
        "user": {
            "username": "Shams Tabrez",
            "email": "tabrezahmed.co.education@gmail.com"
        }
    },
    {
        "_id": "656dcc89459cccb2961e7a9c",
        "uid": "619d50be-92a4-11ee-9234-0123456789ab",
        "createdAt": "2024-03-04T12:56:41.591Z",
        "status": "approved",
        "category": "requesting",
        "time": "9:00pm",
        "fare": "400",
        "requirement": "groupofworkers",
        "acceptedAt": "2024-03-04T13:01:08.808Z",
        "acceptedBy": "619d50be-92a4-11ee-9234-0123456789ab",
        "user": {
            "username": "MANASA",
            "email": "radandimanasa9@gmail.com"
        }
    },
    {
        "_id": "656dccb8f67902e9c6bc4dde",
        "uid": "4061474e-92a3-11ee-9234-0123456789ab",
        "createdAt": "2024-03-04T12:57:28.194Z",
        "status": "approved",
        "category": "requesting",
        "time": "8:00pm",
        "fare": "222",
        "requirement": "Tractor",
        "acceptedAt": "2024-03-04T12:57:55.000Z",
        "acceptedBy": "4061474e-92a3-11ee-9234-0123456789ab",
        "user": {
            "username": "siddi",
            "email": "sandanalasiddhu8515@gmail.com"
        }
    },
    {
        "_id": "656dcd30c160e14d8308b7c7",
        "uid": "36513bee-87a7-11ee-9234-0123456789ab",
        "createdAt": "2024-03-04T12:59:28.186Z",
        "status": "completed",
        "category": "delivery",
        "time": "8:00pm",
        "fare": "2222",
        "requirement": "manurespreader",
        "acceptedAt": "2024-03-04T12:59:46.466Z",
        "acceptedBy": "36513bee-87a7-11ee-9234-0123456789ab",
        "delivered": true,
        "deliveredAt": "2024-03-04T13:51:54.161Z",
        "rating": "4",
        "user": {
            "username": "Bhavitha",
            "email": "madhavgoudgoud@gmail.com"
        }
    },
    {
        "_id": "656dcd47f44c562545c63186",
        "uid": "ce1021ae-86d8-11ee-9234-0123456789ab",
        "createdAt": "2024-03-04T12:59:51.787Z",
        "status": "approved",
        "category": "delivery",
        "time": "6:00pm",
        "fare": "1000",
        "requirement": "thresher",
        "acceptedAt": "2024-03-04T13:00:30.095Z",
        "acceptedBy": "ce1021ae-86d8-11ee-9234-0123456789ab",
        "user": {
            "username": "pragnya_vengala",
            "email": "pragnya.vengala@gmail.com"
        }
    },
    {
        "_id": "656dcd96c160e14d8308b7c8",
        "uid": "36513bee-87a7-11ee-9234-0123456789ab",
        "createdAt": "2024-03-04T13:01:10.540Z",
        "status": "completed",
        "category": "requirment",
        "time": "9:00pm",
        "fare": "222",
        "requirement": "waterengine",
        "acceptedAt": "2024-03-04T13:02:40.681Z",
        "acceptedBy": "36513bee-87a7-11ee-9234-0123456789ab",
        "delivered": true,
        "deliveredAt": "2024-03-04T13:51:48.178Z",
        "rating": "2",
        "user": {
            "username": "Bhavitha",
            "email": "madhavgoudgoud@gmail.com"
        }
    },
    {
        "_id": "656dcddc4b9fc75a80e05c23",
        "uid": "43b358fe-87a1-11ee-9234-0123456789ab",
        "createdAt": "2024-03-04T13:02:20.216Z",
        "status": "approved",
        "category": "requesting",
        "time": "7:00pm",
        "fare": "234",
        "requirement": "sprayer",
        "acceptedAt": "2024-03-04T13:03:13.824Z",
        "acceptedBy": "43b358fe-87a1-11ee-9234-0123456789ab",
        "user": {
            "username": "sindhu",
            "email": "eeslavathsindhu743@gmail.com"
        }
    },
    {
        "_id": "656dcdeebd51f7f1b0d82057",
        "uid": "7287263e-92a4-11ee-9234-0123456789ab",
        "createdAt": "2024-03-04T13:02:38.389Z",
        "status": "completed",
        "category": "requirment",
        "time": "12:00pm",
        "fare": "100",
        "requirement": "Cultivator",
        "acceptedAt": "2024-03-04T13:02:57.858Z",
        "acceptedBy": "7287263e-92a4-11ee-9234-0123456789ab",
        "delivered": true,
        "deliveredAt": "2024-03-04T13:32:28.095Z",
        "rating": "5",
        "user": {
            "username": "Shams Tabrez",
            "email": "tabrezahmed.co.education@gmail.com"
        }
    },
    {
        "_id": "656dce5e1bc0df634f8a0914",
        "uid": "05aae9de-92a3-11ee-9234-0123456789ab",
        "createdAt": "2024-03-04T13:04:30.546Z",
        "status": "approved",
        "category": "delivery",
        "time": "9:00pm",
        "fare": "90",
        "requirement": "sprayer",
        "acceptedAt": "2024-03-04T13:06:35.863Z",
        "acceptedBy": "4061474e-92a3-11ee-9234-0123456789ab",
        "user": {
            "username": "nani1113",
            "email": "angalimanojkumar@gmail.com"
        }
    }
]