[ {
  "value": "tractor",
  "label": "Tractor",
  "image": "https://etimg.etb2bimg.com/photo/101500476.cms"
},
{
  "value": "plows",
  "label": "Plows",
  "image": "https://image.made-in-china.com/202f0j00NdUawbkJQvrM/Hot-Sale-Three-Point-Mounted-Deep-Subsoiler-Price.webp"
},
{
  "value": "seeder",
  "label": "Seeder",
  "image": "https://5.imimg.com/data5/SELLER/Default/2022/10/MA/RY/VF/48355638/super-seeder.jpg"
},
{
  "value": "sprayer",
  "label": "Sprayer",
  "image": "https://5.imimg.com/data5/WL/VI/SM/SELLER-3205316/power-sprayer.jpg"
},
{
  "value": "manurespreader",
  "label": "Manurespreader",
  "image": "https://www.ktwomachinery.com/wp-content/uploads/2019/12/duo_1080w-1.png"
},
{
  "value": "sprinklers",
  "label": "Sprinklers",
  "image": "https://dekaboru.com/wp-content/uploads/2021/04/sulama_sistemi_icin_300_milyon_tl_hibe_verdi_h118251_734ef-e1674591681401.jpg"
},
{
  "value": "thresher",
  "label": "Thresher",
  "image": "https://5.imimg.com/data5/SELLER/Default/2021/9/MQ/PV/FG/63724191/groundnut-thresher.jpeg"
},
{
  "value": "waterengine",
  "label": "Waterengine",
  "image": "https://4.imimg.com/data4/EO/SS/MY-2144220/pd-1-pump-set.jpg"
},
{
  "value": "horrow",
  "label": "Horrow",
  "image": "https://5.imimg.com/data5/SELLER/Default/2022/12/LG/QP/KV/14102713/dd5e62-cead0410c7ac480ebb66dbfc4f1ef244-mv2-500x500.jpg"
},
{
  "value": "cultivator",
  "label": "Cultivator",
  "image": "https://encrypted-tbn0.gstatic.com/images?q=tbn:ANd9GcSYTPtosgoh-gtKvHg9AJwX3SiTGuSVNe6u_A&usqp=CAU"
},
{
  "value": "mowers",
  "label": "Mowers",
  "image": "https://5.imimg.com/data5/SELLER/Default/2021/11/EB/NO/VH/41098890/mre-maxx-electric-lawn-mower-500x500.jpg"
},
{
  "value": "singleworker",
  "label": "Singleworker",
  "image": "https://nebraskapublicmedia.org/assets/images/npr.brightspotcdn_KASivJJ.min-800x600.png"
},
{
"value": "groupworkers",
  "label": "Groupworkers",
  "image": "https://prabeshgroup.com/wp-content/uploads/2021/10/FIELD-WORKERS-2048x1365.jpg"
},
{  "value": "tractor",
  "label": "Tractor",
  "image": "https://etimg.etb2bimg.com/photo/101500476.cms"
}
]