[
    {"_id": "656b1ef4307b90ccd94c1c02",
"uid": "6b0c852e-7022-11ee-9234-0123456789ab",
        
"requirement": "tractor",

"user": {
    "username": "Muskan",
    "email": "shagunmishra2001.vns@gmail.com"
}
},
{
"_id": "656b2d6adafc19587db76389",
"uid": "a77ba3fe-86bc-11ee-9234-0123456789ab",

"requirement": "plows",

"rating": "2",
"user": {
    "username": "ramakrishna58",
    "email": "ramakrishnashr1802@gmail.com"
}
},
{
"_id": "656b2d71dafc19587db7638a",
"uid": "a77ba3fe-86bc-11ee-9234-0123456789ab",

"requirement": "plows",

"user": {
    "username": "ramakrishna58",
    "email": "ramakrishnashr1802@gmail.com"
}
},
{
"_id": "656b33390c2bb4bf8b722a86",
"uid": "fbac25fe-86c9-11ee-9234-0123456789ab",

"requirement": "seeder",

"user": {
    "username": "d yuvaraj",
    "email": "dudukuruyuvaraj55@gmail.com"
}
},
{
"_id": "656b7bddfaf6a05b6e4fc72d",
"uid": "a77ba3fe-86bc-11ee-9234-0123456789ab",

"requirement": "seeder",

"user": {
    "username": "ramakrishna58",
    "email": "ramakrishnashr1802@gmail.com"
}
},
{
"_id": "656ba2dec6e1b5479e4b917f",
"uid": "997c8dbe-873d-11ee-9234-0123456789ab",

"requirement": "sprayer",
"user": {
    "username": "anand",
    "email": "anandudayprakash@gmail.com"
}
},
{
"_id": "656ba2e6c6e1b5479e4b9180",
"uid": "997c8dbe-873d-11ee-9234-0123456789ab",

"requirement": "sprayer",

"user": {
    "username": "anand",
    "email": "anandudayprakash@gmail.com"
}
},
{
"_id": "656c6d9d5ab9adb929292927",
"uid": "016db67e-8e9f-11ee-9234-0123456789ab",

"requirement": "singleworker",

"user": {
    "username": "poojitha_reddy_1116",
    "email": "pulakantipullareddy369@gmail.com"
}
},
{
"_id": "656d5900df642d1684833d65",
"uid": "b75ecf6e-862e-11ee-9234-0123456789ab",

"requirement": "groupofworkers",
"user": {
    "username": "utkarsh",
    "email": "hckfun9211@gmail.com"
}
},
{
"_id": "656dcb55e5da9dce60bcf444",
"uid": "05aae9de-92a3-11ee-9234-0123456789ab",

"requirement": "sprayer",

"user": {
    "username": "nani1113",
    "email": "angalimanojkumar@gmail.com"
}
},
{
"_id": "656dcba86912a32108c20fad",
"uid": "aed72bee-92a3-11ee-9234-0123456789ab",

"requirement": "tractor",

"user": {
    "username": "jagadish",
    "email": "vijayshekarcool@gmail.com"
}
},
{
"_id": "656dcc32c160e14d8308b7c6",
"uid": "36513bee-87a7-11ee-9234-0123456789ab",

"requirement": "singleworker",

"user": {
    "username": "Bhavitha",
    "email": "madhavgoudgoud@gmail.com"
}
},
{
"_id": "656dcc5cddf3167b8b0d9c12",
"uid": "51efa4be-92a4-11ee-9234-0123456789ab",

"requirement": "mowers",

"user": {
    "username": "thanvi pujari",
    "email": "thanvipujari@gmail.com"
}
},
{
"_id": "656dcc64c3054a8678b8e4c6",
"uid": "c683a6ee-862f-11ee-9234-0123456789ab",

"requirement": "cultivator",

"user": {
    "username": "_SURYA_",
    "email": "suryadatta666@gmail.com"
}
},
{
"_id": "656dcc78bd51f7f1b0d82056",
"uid": "7287263e-92a4-11ee-9234-0123456789ab",

"requirement": "horrow",

"user": {
    "username": "Shams Tabrez",
    "email": "tabrezahmed.co.education@gmail.com"
}
},
{
"_id": "656dcc89459cccb2961e7a9c",
"uid": "619d50be-92a4-11ee-9234-0123456789ab",

"requirement": "groupofworkers",

"user": {
    "username": "MANASA",
    "email": "radandimanasa9@gmail.com"
}
},
{
"_id": "656dccb8f67902e9c6bc4dde",
"uid": "4061474e-92a3-11ee-9234-0123456789ab",

"requirement": "Tractor",

"user": {
    "username": "siddi",
    "email": "sandanalasiddhu8515@gmail.com"
}
},
{
"_id": "656dcd30c160e14d8308b7c7",
"uid": "36513bee-87a7-11ee-9234-0123456789ab",

"requirement": "manurespreader",

"user": {
    "username": "Bhavitha",
    "email": "madhavgoudgoud@gmail.com"
}
},
{
"_id": "656dcd47f44c562545c63186",
"uid": "ce1021ae-86d8-11ee-9234-0123456789ab",

"requirement": "thresher",

"user": {
    "username": "pragnya_vengala",
    "email": "pragnya.vengala@gmail.com"
}
},
{
"_id": "656dcd96c160e14d8308b7c8",
"uid": "36513bee-87a7-11ee-9234-0123456789ab",

"requirement": "waterengine",


"user": {
    "username": "Bhavitha",
    "email": "madhavgoudgoud@gmail.com"
}
},
{
"_id": "656dcddc4b9fc75a80e05c23",
"uid": "43b358fe-87a1-11ee-9234-0123456789ab",

"requirement": "sprayer",

"user": {
    "username": "sindhu",
    "email": "eeslavathsindhu743@gmail.com"
}
},
{
"_id": "656dcdeebd51f7f1b0d82057",
"uid": "7287263e-92a4-11ee-9234-0123456789ab",

"requirement": "Cultivator",

"user": {
    "username": "Shams Tabrez",
    "email": "tabrezahmed.co.education@gmail.com"
}
},
{
"_id": "656dce5e1bc0df634f8a0914",
"uid": "05aae9de-92a3-11ee-9234-0123456789ab",

"requirement": "sprayer",

"user": {
    "username": "nani1113",
    "email": "angalimanojkumar@gmail.com"
}
}
]